,Cities,Current Temperature,Current Humidity,Current Wind Speed,Current Cloudiness,Latitude,Longitude,OpenWeatherMap City Number
0,butaritari,27.85,100,4.36,44,3.07,172.79,2110227
1,puerto el triunfo,29.0,51,2.1,0,13.27,-88.55,3584003
2,port macquarie,22.0,73,3.6,90,-31.43,152.91,2152659
3,moche,20.0,88,5.7,75,-8.17,-79.01,3694725
4,rikitea,26.85,100,7.88,64,-23.12,-134.97,4030556
5,atuona,27.95,98,9.81,32,-9.8,-139.03,4020109
6,mount gambier,24.83,63,1.28,0,-37.83,140.78,2156643
7,zavodouspenskoye,-17.0,70,5.0,0,56.86,65.02,1485354
8,bluff,25.63,56,7.78,64,-23.58,149.07,2175403
9,yellowknife,-12.0,72,1.68,75,62.45,-114.38,6185377
10,havre-saint-pierre,-3.0,73,9.3,90,50.23,-63.6,5972291
11,seddon,17.28,84,6.96,8,-41.67,174.07,6243926
12,bucerias,25.0,69,3.1,5,20.76,-105.33,4016734
13,arlit,20.2,26,3.73,0,18.74,7.39,2447513
14,ribeira grande,16.0,87,8.7,75,38.52,-28.7,3372707
15,busselton,19.35,100,6.06,80,-33.64,115.35,2075265
16,praxedis guerrero,22.67,9,3.1,40,31.37,-106.02,3974771
17,kuching,25.0,94,1.0,75,1.56,110.34,1735634
18,chavakkad,26.0,88,1.83,40,10.53,76.05,1274468
19,los llanos de aridane,20.0,68,1.0,0,28.66,-17.92,2514651
20,punta arenas,7.4,57,3.6,75,-53.16,-70.91,3874787
21,guane,22.35,69,3.23,8,22.2,-84.09,3557758
22,airai,23.35,87,0.81,64,-8.93,125.41,1651810
23,ponta do sol,20.28,98,1.48,56,-20.63,-46.0,3453439
24,yuxia,3.0,86,3.0,0,34.06,108.63,1785572
25,bredasdorp,17.0,67,1.5,12,-34.53,20.04,1015776
26,provideniya,-9.18,100,9.23,32,64.42,-173.23,4031574
27,bubaque,23.85,100,4.31,0,11.28,-15.83,2374583
28,poya,24.13,100,12.41,92,-21.35,165.16,2138522
29,lebu,4.73,67,0.93,0,8.96,38.73,344979
30,castro,12.15,95,4.38,92,-42.48,-73.76,3896218
31,ilheus,27.35,100,4.36,88,-14.79,-39.05,3461408
32,qidong,3.88,97,5.73,0,31.81,121.66,1806840
33,hermanus,13.1,100,1.13,64,-34.42,19.24,3366880
34,port alfred,19.25,89,8.33,12,-33.59,26.89,964432
35,saint george,9.0,57,4.1,0,39.45,22.34,262462
36,santa rosa,28.5,39,6.18,8,-36.62,-64.29,3835994
37,albany,-1.27,64,5.7,90,42.65,-73.75,5106834
38,marawi,22.9,80,1.36,0,8.0,124.29,1701054
39,barrow,24.33,27,5.33,0,-38.31,-60.23,3833859
40,jamestown,21.9,58,4.16,32,-33.21,138.6,2069194
41,vaini,15.48,87,1.11,0,15.34,74.49,1273574
42,georgetown,25.0,83,4.1,20,6.8,-58.16,3378644
43,hilo,20.51,53,4.6,40,19.71,-155.08,5855927
44,naranjal,24.0,64,2.1,0,-25.97,-55.19,3437689
45,show low,17.33,14,6.7,1,34.25,-110.03,5314245
46,kaitangata,11.98,80,4.48,80,-46.28,169.85,2208248
47,klaksvik,3.0,86,5.7,92,62.23,-6.59,2618795
48,cape town,15.0,82,1.0,0,-33.93,18.42,3369157
49,channel-port aux basques,0.2,93,15.43,92,47.57,-59.14,5919815
50,kavieng,25.73,100,1.38,88,-2.57,150.8,2094342
51,almeirim,15.58,93,8.2,75,39.21,-8.63,2271926
52,san cristobal,14.0,76,7.7,40,-0.39,-78.55,3652462
53,hun,3.62,93,3.6,56,50.34,4.87,2790471
54,pochutla,28.0,100,5.1,20,15.74,-96.47,3517970
55,arroio grande,20.78,100,4.41,0,-32.24,-53.09,3471422
56,tanout,22.23,23,2.26,0,14.97,8.88,2439155
57,calabozo,30.45,46,6.08,0,8.92,-67.43,3647444
58,samus,-13.15,74,4.21,48,56.74,84.7,1493110
59,alugan,25.75,100,4.28,88,12.22,125.48,1731248
60,lingao,15.58,83,6.01,32,19.91,109.69,1803560
61,flinders,22.0,60,3.1,75,-34.58,150.85,6255012
62,port elizabeth,2.5,55,2.6,1,39.31,-74.98,4501427
63,yumen,-1.8,59,4.43,8,40.29,97.04,1528998
64,sibolga,20.58,99,0.83,44,1.74,98.78,1213855
65,new norfolk,21.0,60,3.1,75,-42.78,147.06,2155415
66,kapaa,22.0,64,10.8,90,22.08,-159.32,5848280
67,ushuaia,7.0,65,3.1,40,-54.81,-68.31,3833367
68,bathsheba,26.0,83,8.2,75,13.22,-59.52,3374083
69,kahului,21.33,73,8.2,75,20.89,-156.47,5847411
70,mataura,13.48,74,3.91,76,-46.19,168.86,6201424
71,hobart,21.0,60,3.1,75,-42.88,147.33,2163355
72,leshukonskoye,-11.6,84,2.86,44,64.9,45.76,535839
73,walvis bay,15.0,82,4.66,0,-22.95,14.51,3359638
74,gizo,15.0,93,3.1,40,31.8,34.94,6693679
75,puerto carreno,26.0,94,2.1,75,6.19,-67.49,3671519
76,carnarvon,10.9,57,5.06,0,-30.97,22.13,1014034
77,hasaki,17.44,93,4.1,75,35.73,140.83,2112802
78,alofi,30.0,35,6.2,75,-19.06,-169.92,4036284
79,san policarpo,25.75,100,4.28,88,12.18,125.51,1688696
80,isangel,28.13,98,9.13,88,-19.55,169.27,2136825
81,esmeraldas,23.0,83,2.1,40,-19.76,-44.31,3464008
82,hithadhoo,28.6,100,4.38,32,-0.6,73.08,1282256
83,erzin,14.73,87,2.1,40,36.95,36.2,296852
84,dingle,26.1,77,4.96,8,11.0,122.67,1714733
85,grand gaube,26.75,100,3.58,0,-20.01,57.66,934479
86,byron bay,24.0,69,7.7,75,-28.65,153.62,2172880
87,upernavik,-23.08,100,3.93,56,72.79,-56.15,3418910
88,laguna,26.0,21,4.1,75,27.52,-110.01,4013704
89,okha,-13.55,85,5.08,76,53.59,142.95,2122614
90,verkhoyansk,-33.68,45,1.13,20,67.55,133.39,2013465
91,davila,25.0,73,4.1,20,18.47,120.58,1715335
92,orapa,20.88,90,2.71,12,-21.28,25.37,933186
93,port blair,28.23,100,3.38,0,11.67,92.75,1259385
94,pahrump,19.71,10,2.6,1,36.21,-115.98,5509851
95,dongsheng,2.83,82,1.28,12,29.72,112.52,1788268
96,padang,27.33,100,0.53,0,-0.92,100.36,1633419
97,ucluelet,7.0,100,6.7,90,48.94,-125.55,6171633
98,kenai,-3.57,92,4.6,90,60.55,-151.26,5866063
99,sitka,18.65,25,3.61,0,37.17,-99.65,4267710
100,cabo san lucas,25.0,29,1.93,40,22.89,-109.91,3985710
101,pisco,23.0,73,7.7,0,-13.71,-76.2,3932145
102,cayenne,27.0,74,4.6,75,4.94,-52.33,3382160
103,streator,-1.75,68,3.6,1,41.12,-88.84,4912698
104,taltal,15.53,75,0.56,0,-25.41,-70.49,3870243
105,thompson,-8.0,67,2.6,40,55.74,-97.86,6165406
106,buchanan,25.0,83,1.43,20,5.88,-10.05,2278158
107,qaanaaq,-28.03,100,1.16,24,77.48,-69.36,3831208
108,severo-kurilsk,-1.23,98,6.83,92,50.68,156.12,2121385
109,charters towers,23.15,91,6.43,92,-20.07,146.27,2171722
110,la paz,25.0,25,4.1,40,24.15,-110.32,4000900
111,ghanzi,18.23,83,3.46,8,-21.7,21.65,933644
112,thinadhoo,28.6,100,3.71,100,0.53,72.93,1337610
113,kalmunai,23.15,100,1.78,80,7.42,81.82,1242110
114,faanui,27.9,100,5.88,64,-16.48,-151.75,4034551
115,rancho palos verdes,20.07,25,3.6,5,33.75,-118.37,5386035
116,omsukchan,-25.93,61,1.56,32,62.53,155.8,2122493
117,wanning,-1.0,80,1.0,40,48.64,13.53,3220813
118,saint-pierre,3.45,93,3.6,0,48.95,4.24,2995603
119,hofn,0.2,100,11.68,0,64.25,-15.21,2630299
120,port hedland,30.0,40,3.6,0,-20.31,118.58,2063042
121,vila do maio,24.0,44,6.2,0,15.13,-23.22,3374120
122,praya,25.0,88,2.1,40,-8.71,116.27,1630662
123,great yarmouth,3.0,93,4.1,0,52.61,1.73,2647984
124,bilma,19.0,18,2.46,0,18.69,12.92,2446796
125,iqaluit,-17.0,84,1.0,90,63.75,-68.52,5983720
126,autun,8.48,61,3.6,0,46.95,4.3,3035883
127,chokurdakh,-34.5,51,1.06,8,70.62,147.9,2126123
128,gat,29.0,48,2.41,8,14.69,-16.54,2249901
129,sur,23.25,93,3.76,0,22.57,59.53,286245
130,puchezh,-20.03,52,1.73,0,56.98,43.17,504294
131,bin qirdan,16.03,80,3.73,0,33.14,11.22,2472431
132,rangapara,11.75,72,1.03,0,26.82,92.69,1258501
133,monclova,23.0,27,3.1,40,26.9,-101.42,3995523
134,tuatapere,11.5,100,5.08,80,-46.13,167.69,2180815
135,kamenka,-11.25,80,5.08,0,53.19,44.05,553725
136,mumford,25.78,93,3.08,0,5.26,-0.76,2297810
137,xai-xai,24.03,100,6.43,88,-25.04,33.64,1024552
138,vila franca do campo,17.0,88,11.8,75,37.72,-25.43,3372472
139,zhangjiakou,-8.8,74,1.61,0,40.77,114.88,2033196
140,tura,14.0,79,1.66,0,25.52,90.21,1254046
141,vostok,-13.3,63,3.08,80,46.45,135.83,2013279
142,joao pinheiro,22.1,95,1.21,80,-17.74,-46.17,3459785
143,san miguel,24.32,50,3.6,0,-34.54,-58.72,3430545
144,diego de almagro,18.4,62,1.26,0,-26.39,-70.05,3892454
145,tres arroyos,24.33,27,5.33,0,-38.38,-60.28,3833859
146,adrar,20.0,14,1.23,0,27.87,-0.29,2508813
147,tazovskiy,-20.23,67,2.78,12,67.47,78.7,1489853
148,ostrovnoy,-19.23,72,1.48,20,68.05,39.51,556268
149,te anau,10.08,84,2.13,36,-45.41,167.72,2181625
150,avarua,29.0,83,3.6,75,-21.21,-159.78,4035715
151,boshnyakovo,-5.85,89,4.51,92,49.65,142.17,2126493
152,nanortalik,-9.13,100,3.36,0,60.14,-45.24,3421765
153,namatanai,27.5,100,5.31,64,-3.66,152.44,2090021
154,lavrentiya,-5.15,100,7.91,80,65.58,-170.99,4031637
155,taguatinga,20.0,88,1.26,40,-15.83,-48.06,3469058
156,cidreira,20.25,80,3.18,0,-30.17,-50.22,3466165
157,tallahassee,10.53,45,2.6,1,30.44,-84.28,4174715
158,sao filipe,22.2,93,5.11,0,14.9,-24.5,3374210
159,pembroke,-1.0,100,1.5,90,45.82,-77.11,6100832
160,cilegon,26.0,94,2.6,40,-6.02,106.05,1627549
161,micheweni,26.98,100,4.83,36,-4.97,39.83,153955
162,coquimbo,18.0,68,3.6,0,-29.95,-71.34,3893629
163,elliot,8.98,98,0.71,64,-31.33,27.85,1005781
164,souillac,11.0,71,4.1,0,45.6,-0.6,3026644
165,henties bay,16.48,100,2.71,0,-22.12,14.28,3356832
166,port-gentil,26.95,99,4.18,68,-0.72,8.78,2396518
167,yining,0.13,80,1.06,0,29.04,114.56,1786538
168,lasa,17.0,77,10.3,75,34.92,32.53,146639
169,nouakchott,20.88,83,7.56,0,18.08,-15.98,2377450
170,victoria,27.0,94,1.5,75,5.28,115.24,1733782
171,cairns,23.0,100,5.7,75,-16.92,145.77,2172797
172,casino,22.2,85,3.81,68,-28.86,153.05,2172153
173,lar,14.0,62,0.98,0,27.66,54.32,133595
174,puerto ayora,27.0,74,5.7,0,-0.74,-90.35,3652764
175,mar del plata,15.38,82,7.13,0,-46.43,-67.52,3863379
176,bandarbeyla,25.13,100,5.11,0,9.49,50.81,64814
177,deputatskiy,-34.33,46,1.23,12,69.3,139.9,2028164
178,kruisfontein,17.45,91,6.31,44,-34.0,24.73,986717
179,huilong,1.45,81,0.91,20,28.89,110.18,1795424
180,saint-philippe,-1.75,92,6.2,90,45.36,-73.48,6138908
181,bonthe,25.75,89,1.81,12,7.53,-12.5,2409914
182,erenhot,-1.13,47,6.53,0,43.65,111.97,2037485
183,port lincoln,25.23,67,5.86,0,-34.72,135.86,2063036
184,tiksi,-37.65,68,1.33,0,71.64,128.87,2015306
185,harper,16.74,23,3.6,1,30.3,-99.24,4696310
186,palmer,31.0,15,6.2,0,-34.85,139.16,2067070
187,kurchum,-14.75,64,0.81,32,48.57,83.65,1521762
188,aklavik,-7.82,56,4.1,5,68.22,-135.01,5882953
189,tasiilaq,-5.0,73,4.1,88,65.61,-37.64,3424607
190,nikolskoye,-5.0,67,4.0,0,59.7,30.79,546105
191,egvekinot,-16.13,80,5.73,64,66.32,-179.17,4031742
192,ossora,-10.13,87,5.56,64,59.24,163.07,2122389
193,praia da vitoria,15.0,93,14.38,40,38.73,-27.07,3372760
194,uba,22.88,35,1.96,32,10.45,13.22,2321057
195,komsomolskiy,-16.63,86,1.46,56,67.55,63.78,1486910
196,bambous virieux,24.98,90,3.93,0,-20.34,57.76,1106677
197,ilulissat,-18.0,84,8.2,44,69.22,-51.1,3423146
198,luderitz,17.0,72,7.2,0,-26.65,15.16,3355672
199,kortkeros,-11.0,85,4.0,75,61.81,51.56,544397
200,guaruja,20.67,88,5.7,90,-23.99,-46.26,3461789
201,clyde river,-34.0,73,1.43,20,70.47,-68.59,5924351
202,katsuura,6.0,75,4.6,75,33.93,134.5,1865309
203,topchikha,-19.23,73,1.36,44,52.82,83.12,1489398
204,yeppoon,26.0,61,7.2,75,-23.13,150.74,2142316
205,naze,23.25,93,1.33,32,5.43,7.07,2337542
206,toribio,26.0,65,3.1,75,2.95,-76.27,3666887
207,mahebourg,24.98,90,3.93,0,-20.41,57.7,934322
208,baculin,23.73,100,3.08,88,7.45,126.58,1729469
209,xuddur,19.1,34,2.78,0,4.12,43.89,49747
210,fortuna,11.0,100,1.5,20,38.18,-1.13,2517679
211,sinnamary,26.6,94,4.86,92,5.38,-52.96,3380290
212,pouso alegre,18.73,98,1.36,88,-22.23,-45.93,3452525
213,carnduff,-11.05,88,1.93,20,49.17,-101.8,5917349
214,carmen,26.6,67,1.81,0,7.2,124.8,1718338
215,challans,9.67,93,2.1,90,46.85,-1.88,3027513
216,tuktoyaktuk,-11.0,72,5.7,40,69.44,-133.03,6170031
217,santiago del estero,28.38,46,2.38,92,-27.8,-64.26,3835869
218,gold coast,24.0,69,7.7,75,-28.0,153.41,2165087
219,codrington,22.2,85,3.81,68,-28.95,153.24,2160063
220,east london,19.85,100,11.16,8,-33.02,27.91,1006984
221,dikson,-22.73,100,5.41,24,73.51,80.55,1507390
222,mahon,4.0,86,1.5,75,51.89,-8.4,2965139
223,vardo,0.66,47,4.1,5,39.62,-77.74,4372777
224,karibib,15.75,95,1.06,0,-21.94,15.86,3356332
225,husavik,-9.98,84,1.23,36,50.56,-96.99,5961417
226,torbay,-2.0,92,5.1,90,47.66,-52.73,6167817
227,ukiah,16.0,55,1.5,1,39.15,-123.21,5404476
228,viedma,32.03,29,7.13,36,-40.81,-62.99,3832899
229,dubna,-15.68,72,4.08,0,56.76,37.14,564719
230,sorland,-1.68,100,6.83,0,67.67,12.69,3137469
231,harrisonburg,0.31,63,2.6,40,38.45,-78.87,4763231
232,bethel,-6.0,92,2.1,20,60.79,-161.76,5880568
233,karhal,18.23,56,3.63,92,27.0,78.94,1267772
234,vanimo,25.33,100,2.18,92,-2.67,141.3,2084442
235,samarai,27.53,100,6.78,64,-10.62,150.67,2132606
236,linxia,-11.9,59,1.13,0,35.6,103.21,1803331
237,lubao,25.3,83,3.1,75,14.94,120.6,1705440
238,leningradskiy,-20.38,94,11.11,36,69.38,178.42,2123814
239,longyearbyen,-17.0,59,5.7,20,78.22,15.63,2729907
240,le port,-6.98,88,0.81,12,42.87,1.37,3036965
241,saldanha,10.08,95,4.76,12,41.42,-6.55,2737599
242,torquay,4.0,86,1.0,0,50.47,-3.52,2635650
243,leh,-25.15,73,0.81,64,34.16,77.58,1264976
244,lompoc,18.21,55,6.2,40,34.64,-120.46,5367788
245,xining,-12.93,63,1.01,0,36.62,101.77,1788852
246,parrita,22.01,68,7.2,40,9.52,-84.33,3622537
247,saskylakh,-32.28,40,5.33,8,71.97,114.09,2017155
248,neiafu,29.0,79,5.7,75,-18.65,-173.98,4032420
249,port moresby,29.0,70,4.6,40,-9.47,147.16,2088122
250,maniitsoq,-19.43,87,2.71,0,65.42,-52.9,3421982
251,venice,13.91,51,7.2,1,27.1,-82.45,4176380
252,mozarlandia,24.35,93,1.46,48,-14.74,-50.57,3456642
253,denpasar,23.78,100,0.56,88,-8.65,115.22,1645528
254,almaznyy,-1.63,94,2.16,68,48.03,40.04,582447
255,karratha,26.88,58,3.71,0,-20.74,116.85,6620339
256,pravda,7.0,93,2.6,92,43.16,25.69,728016
257,saint simons,9.39,49,5.53,1,31.14,-81.39,4220862
258,hambantota,26.15,100,3.18,88,6.12,81.12,1244926
259,chuy,18.15,92,2.56,0,-33.69,-53.46,3443061
260,zhanaozen,6.83,95,4.03,68,43.35,52.85,607610
261,manta,2.2,93,0.91,68,45.1,24.1,685981
262,caravelas,27.65,100,7.78,32,-17.73,-39.27,3466980
263,amahai,28.13,100,5.43,76,-3.31,129.0,1651591
264,poum,-2.35,90,0.81,8,41.28,20.71,787487
265,matadi,23.58,95,1.91,8,-5.83,13.46,2313002
266,magadan,-15.0,100,2.58,36,59.56,150.8,2123628
267,ugoofaaru,28.4,100,2.28,20,5.67,73.0,1337619
268,mujiayingzi,-5.3,65,2.56,56,42.12,118.78,2035707
269,norman wells,-12.0,60,4.6,5,65.28,-126.83,6089245
270,longyan,4.23,72,1.13,0,25.1,117.03,1802276
271,velingara,27.0,65,1.0,0,13.64,-16.01,2412992
272,keflavik,-4.19,58,2.1,0,64.0,-22.56,3415496
273,duku,25.0,56,1.91,0,11.24,4.91,2344415
274,cartagena,13.45,67,2.51,0,37.63,-1.0,2520058
275,supe,19.78,95,3.31,8,-10.8,-77.72,3928274
276,itarema,24.9,95,2.68,0,-2.92,-39.92,3393692
277,aksu,-14.0,84,2.0,0,52.04,76.93,1524298
278,makat,-0.9,94,2.51,80,47.65,53.35,608872
279,abu kamal,21.08,24,9.58,8,34.45,40.92,174448
280,alice springs,20.0,100,8.2,90,-23.7,133.88,2077895
281,kaeo,23.95,70,5.11,32,-35.1,173.78,2189343
282,tarko-sale,-18.03,77,1.38,68,64.92,77.78,1490085
283,kavalerovo,-12.4,58,4.81,0,44.27,135.06,2023058
284,half moon bay,18.23,67,5.7,75,37.46,-122.43,5354943
285,mayumba,26.33,100,2.06,92,-3.44,10.65,2399001
286,marzuq,6.98,47,1.06,0,14.4,46.47,72181
287,hohhot,-5.0,49,3.0,0,40.81,111.65,2036892
288,roma,9.72,87,2.1,20,41.89,12.48,6539761
289,lahaina,21.55,82,11.3,75,20.87,-156.68,5849996
290,richards bay,19.83,100,7.43,80,-28.77,32.06,962367
291,saint-francois,10.0,61,3.6,0,46.42,3.91,2980080
292,lyngdal,-2.0,86,3.1,32,58.14,7.07,3146684
293,broome,2.79,93,4.1,0,52.47,1.45,2656067
294,mentougou,-3.0,73,1.0,0,39.94,116.09,1800657
295,esperance,26.0,78,1.5,20,10.24,-61.45,3573739
296,portobelo,28.5,74,5.7,20,9.55,-79.65,3702577
297,south lake tahoe,11.37,28,3.1,1,38.93,-119.98,5397664
298,balezino,-16.18,65,3.98,44,57.97,53.01,579432
299,rawson,27.7,31,4.28,76,-43.3,-65.11,3839307
300,necochea,22.83,41,5.06,0,-38.55,-58.74,3430443
301,ayan,2.85,100,1.21,92,40.67,33.6,749747
302,saint-augustin,11.45,62,3.6,0,44.83,-0.61,3031582
303,mackenzie,-6.0,73,1.0,75,55.34,-123.09,6063191
304,monterey,18.47,60,5.1,1,36.6,-121.89,5374361
305,cherskiy,-25.5,65,3.23,68,68.75,161.3,2126199
306,yarmouth,5.33,86,2.6,48,50.71,-1.5,2633414
307,medea,13.0,93,1.5,20,36.27,2.77,2488835
308,aripuana,26.28,91,1.06,36,-9.17,-60.63,3665202
309,usinsk,-12.0,86,4.03,80,66.0,57.56,863061
310,baherden,8.65,73,1.38,0,38.44,57.43,162158
311,nuuk,-12.0,78,5.7,20,64.17,-51.74,3421319
312,batticaloa,26.13,100,0.88,100,7.71,81.69,1250161
313,kalas,15.0,77,1.71,75,33.49,72.96,1166993
314,verkhnyaya toyma,-17.4,83,2.28,20,62.24,45.0,474470
315,vitim,-18.35,65,1.06,88,59.44,112.57,2013375
316,salina cruz,27.2,49,7.63,0,16.18,-95.2,3520064
317,holice,4.0,64,5.7,0,50.07,15.99,3075599
318,hovd,0.2,58,5.1,0,63.83,10.7,7626384
319,sao joao da barra,25.4,100,7.31,92,-21.64,-41.05,3448903
320,huarmey,21.48,65,1.36,44,-10.07,-78.15,3939168
321,nuzvid,25.0,88,1.5,40,16.79,80.85,1261110
322,sambava,26.65,100,1.81,12,-14.27,50.17,1056899
323,nioro,25.38,48,3.18,0,13.79,-15.05,2413070
324,shuya,-18.1,77,2.11,0,56.84,41.38,493231
325,tivaouane,23.88,49,4.26,0,14.95,-16.81,2244800
326,accra,28.0,83,3.6,40,5.56,-0.21,2306104
327,onega,-18.13,67,3.08,0,63.91,38.09,515246
328,ixtapa,25.0,69,3.1,5,20.71,-105.21,4004293
329,agadez,23.08,18,4.83,0,16.97,7.99,2448085
330,ulladulla,22.0,60,3.1,75,-35.36,150.48,2145554
331,kota tinggi,25.73,83,2.1,75,1.73,103.9,1732738
332,acapulco,27.0,78,4.1,5,16.86,-99.88,3533462
333,dubbo,24.0,44,7.7,0,-32.25,148.6,2168305
334,bar-le-duc,3.0,93,1.5,0,48.77,5.16,3034911
335,merritt island,13.55,100,3.1,1,28.54,-80.67,4164092
336,mehamn,-19.38,100,2.03,0,71.03,27.85,778707
337,yenagoa,23.9,90,2.01,20,4.92,6.26,2318123
338,haines junction,-9.43,80,1.23,68,60.75,-137.51,5969025
339,bria,24.6,54,4.03,0,6.54,21.99,239899
340,sabha,17.2,24,1.78,0,27.03,14.43,2212775
341,khatanga,-20.4,81,3.08,76,71.98,102.47,2022572
342,comodoro rivadavia,16.0,87,5.7,75,-45.87,-67.48,3860443
343,gumdag,10.45,79,2.96,24,39.2,54.59,161943
344,fujin,-15.98,66,5.03,0,47.24,132.03,2037375
345,mitsamiouli,26.58,100,3.93,36,-11.38,43.28,921786
346,novoagansk,-14.65,83,2.18,48,61.94,76.66,1497210
347,hurricane,17.29,12,2.1,1,37.18,-113.29,5540831
348,batagay-alyta,-31.63,35,1.36,20,67.8,130.41,2027042
349,sibu,25.0,94,3.1,75,2.29,111.83,1735902
350,anisoc,22.45,100,1.26,88,1.87,10.77,2310309
351,storsteinnes,-18.23,83,0.88,0,69.24,19.23,3136023
352,istok,1.85,92,3.86,80,52.66,23.48,771158
353,bonavista,-3.68,85,5.16,8,48.65,-53.11,5905393
354,carutapera,26.13,92,2.23,76,-1.2,-46.02,3402648
355,nabire,25.38,83,0.56,0,-3.36,135.5,1634614
356,wexford,-3.0,86,4.6,90,40.63,-80.06,5178040
357,hamilton,18.0,77,4.6,75,32.3,-64.78,3573197
358,urusha,-23.65,52,1.13,0,54.05,122.9,2014078
359,tecoanapa,27.0,78,4.1,5,16.99,-99.26,3532499
360,brigantine,1.79,47,2.6,1,39.41,-74.36,4500920
361,madaoua,25.53,28,3.51,0,14.07,5.96,2441530
362,chaiyaphum,17.48,77,6.21,88,15.81,102.03,1611407
363,coahuayana,29.5,27,1.28,0,18.62,-100.35,3981460
364,buraydah,20.0,34,2.11,0,26.33,43.97,107304
365,zheleznodorozhnyy,-11.65,65,3.0,0,55.75,38.0,463355
366,kavaratti,27.98,100,2.16,0,10.57,72.64,1267390
367,reconquista,25.0,46,2.71,68,-29.14,-59.64,3429594
368,thyboron,0.0,100,7.76,88,56.7,8.21,2611738
369,adzope,23.95,93,2.83,8,6.11,-3.86,2293342
370,pevek,-20.58,96,10.83,44,69.7,170.27,2122090
371,kieta,29.6,90,2.01,12,-6.22,155.63,2094027
372,brae,3.71,93,3.6,64,60.4,-1.35,2654970
373,esfarayen,6.0,81,1.68,0,37.08,57.51,135298
374,den helder,4.69,86,4.1,90,52.96,4.76,2757220
375,lagoa,15.0,100,2.6,40,37.14,-8.45,2267254
376,filingue,24.5,24,5.26,0,14.35,3.32,2444995
377,hakkari,-4.0,85,4.1,90,61.34,23.75,634964
378,sept-iles,-3.0,79,5.7,90,50.2,-66.38,6144312
379,kodiak,5.0,41,1.28,1,39.95,-94.76,4407665
380,zhmerynka,-5.18,80,1.81,24,49.04,28.11,687116
381,broken hill,26.28,37,5.63,24,-31.97,141.45,2173911
382,salalah,22.0,64,1.5,0,17.01,54.1,286621
383,olinda,29.0,70,2.6,75,-2.03,-79.75,3650121
384,avenal,24.0,27,3.6,75,36.0,-120.13,5325327
385,bogovina,2.0,92,1.0,0,43.9,21.94,792502
386,margate,21.0,60,3.1,75,-43.03,147.26,2158744
387,havoysund,-12.0,72,3.1,0,71.0,24.66,779622
388,northam,4.59,86,1.0,0,51.04,-4.21,2641434
389,vila velha,28.0,83,2.6,40,-3.71,-38.6,6320062
390,zonguldak,8.35,100,1.58,92,41.25,31.83,737021
391,mungaa,13.2,93,1.28,8,-4.97,34.86,152546
392,idukki,20.65,85,0.71,0,9.85,76.97,1269811
393,katangli,-7.48,100,8.56,88,51.71,143.23,2122783
394,tekari,16.0,72,3.1,12,24.94,84.84,1254797
395,puerto madryn,23.2,62,7.18,0,-42.77,-65.04,3840092
396,siderno,9.92,76,1.0,40,38.28,16.3,6540819
397,westwood,26.0,61,7.2,75,-23.62,150.16,2162005
398,kaka,4.65,83,1.61,0,37.35,59.62,161901
399,abu dhabi,19.48,68,2.1,0,24.47,54.37,292968
400,taksimo,-20.18,71,1.13,44,56.36,114.84,2015701
401,diu,14.13,81,1.58,0,20.71,70.98,1272502
402,igarka,-13.9,78,5.88,64,67.47,86.57,1505991
403,general bravo,20.4,51,6.63,92,25.79,-99.18,3527457
404,ocos,28.52,78,4.1,90,14.51,-92.19,3592086
405,guerrero negro,21.1,48,3.91,8,27.97,-114.04,4021858
406,hinton,-0.43,65,0.98,48,53.4,-117.57,5975503
407,karpathos,16.0,77,7.2,24,35.51,27.21,260895
408,canutama,24.48,99,0.31,80,-6.53,-64.38,3664716
409,la union,23.0,53,1.71,0,14.97,-89.29,3593500
410,fairbanks,-4.0,62,2.1,20,64.84,-147.72,5861897
411,lagos,27.1,89,4.21,20,6.46,3.39,2332459
412,riyadh,18.0,34,1.26,0,24.63,46.72,108410
413,talaya,-14.15,79,4.36,36,55.79,84.89,1485724
414,tateyama,6.0,93,3.1,75,36.66,137.31,1849876
415,vaasa,-6.0,67,2.6,92,63.1,21.62,632978
416,goderich,-0.25,87,7.76,68,43.74,-81.71,5962442
417,tumpat,23.43,94,1.5,75,6.2,102.17,1736356
418,atar,18.83,34,1.78,0,20.52,-13.05,2381334
419,nishihara,13.91,100,3.6,90,35.74,139.53,1850144
420,inirida,24.6,91,1.26,80,3.87,-67.92,3671450
421,clarence town,23.0,60,7.7,75,-32.59,151.78,2171465
422,outjo,20.0,64,2.6,0,-20.11,16.16,3353715
423,ilhabela,25.23,100,7.23,88,-23.78,-45.36,3461425
424,nyurba,-27.53,51,1.66,20,63.29,118.35,2018735
425,roald,1.58,97,1.5,88,62.58,6.12,3141667
426,preobrazheniye,-10.78,46,4.18,0,42.9,133.91,2017658
427,pangnirtung,-17.13,71,2.78,56,66.15,-65.72,6096551
428,ust-tsilma,-13.35,74,2.91,68,65.44,52.15,477940
429,nikologory,-16.9,70,3.46,0,56.14,41.99,521807
430,stryn,-4.35,89,0.71,88,61.9,6.72,3135601
431,ambilobe,23.23,100,1.78,100,-13.19,49.05,1082243
432,dryden,-4.0,53,4.1,90,49.79,-92.84,5942911
433,coos bay,10.0,93,5.1,90,43.37,-124.22,5720495
434,fare,27.7,99,6.21,92,-16.7,-151.02,4034496
435,ust-nera,-29.25,53,1.11,0,64.57,143.24,2120048
436,bahia blanca,28.45,48,5.83,0,-38.72,-62.27,3865086
437,vestmannaeyjar,-0.98,100,6.76,0,63.44,-20.27,3412093
438,sarakhs,14.0,71,2.1,0,36.54,61.16,1159716
439,anloga,28.0,83,3.6,40,5.79,0.9,2304548
440,peleduy,-18.35,65,1.06,88,59.63,112.75,2018069
441,haapiti,31.0,70,7.2,20,-17.57,-149.87,4034438
442,yaan,22.9,96,3.38,36,7.38,8.57,2338660
443,sertanopolis,26.0,74,2.51,75,-23.06,-51.04,3447658
444,arraial do cabo,24.0,94,3.6,90,-22.97,-42.02,3471451
445,high level,-6.0,53,2.6,75,58.52,-117.13,5975004
446,natal,28.0,78,3.6,40,-5.81,-35.21,3394023
447,monteagudo,17.48,98,1.06,92,-19.8,-63.96,3910094
448,shenzhen,11.36,62,6.0,0,22.54,114.05,1795565
449,maragogi,25.1,94,3.81,24,-9.01,-35.22,3395458
450,cabedelo,27.0,78,3.1,40,-6.97,-34.84,3404558
451,geraldton,-4.0,68,2.1,90,49.72,-86.95,5960603
452,kanigoro,26.9,100,4.31,68,-8.13,112.22,1641497
453,san gabriel,21.19,25,3.6,5,34.1,-118.11,5392034
454,panguna,27.35,85,2.23,64,-6.32,155.48,2088659
455,ngaoundere,18.15,78,1.11,20,7.32,13.58,2224827
456,faya,13.49,82,1.73,0,18.39,42.45,110690
457,gurupi,23.85,92,1.38,56,-11.73,-49.07,3461724
458,alyangula,29.7,98,5.16,0,-13.85,136.42,2079582
459,shawnee,15.53,28,4.6,1,35.33,-96.93,4551177
460,villamontes,21.25,96,1.06,76,-21.26,-63.47,3901547
461,greenville,5.57,44,5.7,40,34.85,-82.4,4580543
462,aneho,28.0,83,3.6,40,6.23,1.6,2367990
463,butajira,5.33,65,1.58,0,8.12,38.38,341297
464,freeport,19.0,59,3.1,75,26.54,-78.7,3572375
465,tautira,31.0,70,7.2,20,-17.73,-149.15,4033557
466,treuchtlingen,2.33,74,0.5,75,48.96,10.91,2821254
467,tomatlan,27.2,54,1.66,0,19.93,-105.25,3981391
468,dandong,-5.85,46,1.68,0,40.12,124.37,2037886
469,namibe,23.5,100,1.96,0,-15.19,12.15,3347019
470,san patricio,20.9,72,1.11,56,-26.98,-56.83,3437029
471,la palma,23.35,73,0.36,20,5.36,-74.39,3687505
472,lata,4.03,65,1.23,8,30.78,78.62,1253628
473,derbent,0.23,84,1.33,8,42.06,48.29,566532
474,guderup,1.99,93,0.5,88,54.99,9.87,2621072
475,meulaboh,25.38,100,1.13,76,4.14,96.13,1214488
476,avera,7.47,52,2.6,1,33.19,-82.53,4231997
477,varzea da palma,22.4,96,1.33,32,-17.6,-44.73,3445459
478,mnogovershinnyy,-17.43,63,0.98,0,53.94,139.92,2019935
479,tadine,25.78,100,7.31,92,-21.55,167.88,2138285
480,greeneville,0.36,42,4.1,90,36.16,-82.83,4626334
481,narsaq,-12.0,60,2.6,0,60.91,-46.05,3421719
482,churachandpur,13.0,87,0.76,40,24.33,93.67,1273909
483,safford,24.0,8,4.1,1,32.83,-109.71,5312476
484,belmonte,10.6,97,4.06,80,40.36,-7.35,8010472
485,ekimchan,-23.43,64,0.93,0,53.07,132.94,2024461
486,west bay,4.0,86,1.0,0,50.71,-2.76,2654726
487,vao,-2.8,88,5.43,88,59.1,26.19,588365
488,axim,27.6,100,2.93,24,4.87,-2.24,2303611
489,churapcha,-25.98,66,1.68,20,62.0,132.43,2025241
490,ylivieska,-7.88,86,2.71,56,64.07,24.53,630768
491,yulara,22.0,78,6.7,90,-25.24,130.99,6355222
492,dalmau,19.63,58,2.51,92,26.08,81.05,1273637
493,rolla,5.38,41,3.1,1,37.95,-91.77,4406282
494,nalut,14.4,57,2.06,0,31.86,10.98,2214433
495,jalu,15.75,48,1.91,0,29.03,21.55,86049
496,mangrol,16.5,80,1.36,32,25.33,76.51,1263751
497,marsa matruh,15.0,67,5.1,40,31.35,27.25,352733
498,verona,4.09,86,0.5,0,45.44,10.99,3164527
499,beatrice,5.67,35,2.1,1,40.27,-96.75,5063646
